{"cameraMode":{"drawMode":0,"name":"Shaded","section":"Shading Mode"},"sceneLighting":true,"audioPlay":false,"sceneViewState":{"showFog":false,"showMaterialUpdate":false,"showSkybox":false,"showFlares":false,"showImageEffects":false,"showParticleSystems":false},"in2DMode":false,"pivot":{"x":0.21584582328796388,"y":-0.020554184913635255,"z":-0.2148582935333252},"rotation":{"x":0.11343900859355927,"y":0.8393902778625488,"z":-0.19211827218532563,"w":0.4956536591053009},"size":3.3532068729400636,"orthographic":false}