{"cameraMode":{"drawMode":0,"name":"Shaded","section":"Shading Mode"},"sceneLighting":true,"audioPlay":false,"sceneViewState":{"showFog":true,"showMaterialUpdate":false,"showSkybox":true,"showFlares":true,"showImageEffects":true,"showParticleSystems":true},"in2DMode":false,"pivot":{"x":9.59765625,"y":-0.08407436311244965,"z":0.32250815629959109},"rotation":{"x":0.02044951170682907,"y":0.6961396336555481,"z":-0.01984560117125511,"w":0.7173430919647217},"size":28.41388702392578,"orthographic":true}