{"cameraMode":{"drawMode":0,"name":"Shaded","section":"Shading Mode"},"sceneLighting":true,"audioPlay":false,"sceneViewState":{"showFog":false,"showMaterialUpdate":false,"showSkybox":false,"showFlares":false,"showImageEffects":false,"showParticleSystems":false},"in2DMode":false,"pivot":{"x":-0.14245779812335969,"y":-1.438582420349121,"z":-0.16932415962219239},"rotation":{"x":-0.5037920475006104,"y":-0.49599653482437136,"z":0.48919719457626345,"w":-0.510788083076477},"size":6.039825916290283,"orthographic":false}