{"cameraMode":{"drawMode":0,"name":"Shaded","section":"Shading Mode"},"sceneLighting":true,"audioPlay":false,"sceneViewState":{"showFog":false,"showMaterialUpdate":false,"showSkybox":false,"showFlares":false,"showImageEffects":false,"showParticleSystems":false},"in2DMode":false,"pivot":{"x":6.17559814453125,"y":4.660080909729004,"z":0.4687795639038086},"rotation":{"x":0.030849535018205644,"y":0.9122412204742432,"z":-0.06992299854755402,"w":0.40246790647506716},"size":14.628477096557618,"orthographic":false}