{"cameraMode":{"drawMode":0,"name":"Shaded","section":"Shading Mode"},"sceneLighting":true,"audioPlay":false,"sceneViewState":{"showFog":false,"showMaterialUpdate":false,"showSkybox":false,"showFlares":false,"showImageEffects":false,"showParticleSystems":false},"in2DMode":false,"pivot":{"x":-0.01996248960494995,"y":0.005337536334991455,"z":-0.00796598196029663},"rotation":{"x":0.009061787277460099,"y":0.6554940938949585,"z":-0.007866228930652142,"w":0.7551063895225525},"size":2.884537696838379,"orthographic":true}