{"cameraMode":{"drawMode":0,"name":"Shaded","section":"Shading Mode"},"sceneLighting":true,"audioPlay":false,"sceneViewState":{"showFog":false,"showMaterialUpdate":false,"showSkybox":false,"showFlares":false,"showImageEffects":false,"showParticleSystems":false},"in2DMode":false,"pivot":{"x":-4.197124004364014,"y":-3.7724905014038088,"z":-0.10116302967071533},"rotation":{"x":-0.23677794635295869,"y":0.6948333978652954,"z":-0.26273226737976076,"w":-0.6262149810791016},"size":8.999262809753418,"orthographic":false}