{"cameraMode":{"drawMode":0,"name":"Shaded","section":"Shading Mode"},"sceneLighting":true,"audioPlay":false,"sceneViewState":{"showFog":false,"showMaterialUpdate":false,"showSkybox":false,"showFlares":false,"showImageEffects":false,"showParticleSystems":false},"in2DMode":false,"pivot":{"x":1.1782450675964356,"y":-0.7775373458862305,"z":-0.0846417248249054},"rotation":{"x":0.17459861934185029,"y":0.733790934085846,"z":-0.2054586559534073,"w":0.6236026287078857},"size":3.953206777572632,"orthographic":false}